{"AF": {"trend_correlation": 0.9035104955494354, "residuals_correlation": 0.1817991978728189}, "AO": {"trend_correlation": -0.33742801212592216, "residuals_correlation": -0.011056113312347618}, "AL": {"trend_correlation": 0.4113817044283225, "residuals_correlation": 0.13049406177671732}, "AD": {"trend_correlation": 0.5583451150488086, "residuals_correlation": -0.29585137068578987}, "AE": {"trend_correlation": 0.5417611425962683, "residuals_correlation": -0.11715194491631907}, "AR": {"trend_correlation": -0.8609943030868086, "residuals_correlation": 0.08625124442880033}, "AM": {"trend_correlation": 0.15538952338602988, "residuals_correlation": 0.18746174288192577}, "AG": {"trend_correlation": -0.5650215145907178, "residuals_correlation": 0.1280705589306824}, "AU": {"trend_correlation": 0.7293817254283631, "residuals_correlation": 0.3073042153024272}, "AT": {"trend_correlation": -0.6505598979711982, "residuals_correlation": 0.16886519641503217}, "AZ": {"trend_correlation": 0.8475852052978616, "residuals_correlation": 0.06206642846649963}, "BI": {"trend_correlation": 0.6845952437894572, "residuals_correlation": 0.6184865442774252}, "BE": {"trend_correlation": -0.6290575891182222, "residuals_correlation": -0.21763264364994453}, "BJ": {"trend_correlation": 0.5118875441844934, "residuals_correlation": -0.21354157384592876}, "BF": {"trend_correlation": 0.3826853908192511, "residuals_correlation": -0.1238376286269988}, "BD": {"trend_correlation": 0.6462589532099543, "residuals_correlation": 0.17514345659636985}, "BG": {"trend_correlation": -0.7884702501168351, "residuals_correlation": -0.35613676848107456}, "BH": {"trend_correlation": 0.19575813089375493, "residuals_correlation": 0.4575071838708331}, "BS": {"trend_correlation": -0.26008645525862706, "residuals_correlation": -0.16440317082838546}, "BA": {"trend_correlation": -0.15192064496149887, "residuals_correlation": 0.18013647061478785}, "BY": {"trend_correlation": 0.15337612053540248, "residuals_correlation": 0.04486946678403492}, "BZ": {"trend_correlation": -0.08214384594328629, "residuals_correlation": 0.090909951530218}, "BO": {"trend_correlation": 0.669664324479124, "residuals_correlation": -0.1076424621782037}, "BR": {"trend_correlation": -0.24023110479385942, "residuals_correlation": 0.03377747916593319}, "BB": {"trend_correlation": -0.8188392236389654, "residuals_correlation": 0.23987660302015643}, "BN": {"trend_correlation": 0.8689783670157212, "residuals_correlation": 0.15862708058420613}, "BT": {"trend_correlation": 0.1600369501654834, "residuals_correlation": -0.12555665994565604}, "BW": {"trend_correlation": 0.8387356314473338, "residuals_correlation": 0.8477212526496462}, "CF": {"trend_correlation": 0.02739254358468686, "residuals_correlation": 0.2753268595517317}, "CA": {"trend_correlation": 0.9741856074792199, "residuals_correlation": -0.2822587143631554}, "CH": {"trend_correlation": -0.7124141392452504, "residuals_correlation": 0.11898555192987245}, "CL": {"trend_correlation": -0.24235117541510637, "residuals_correlation": 0.0867194048552291}, "CN": {"trend_correlation": 0.20630574183411027, "residuals_correlation": -0.06230982944719452}, "CI": {"trend_correlation": 0.4782035385674364, "residuals_correlation": 0.4385560211937461}, "CM": {"trend_correlation": 0.5246871955222301, "residuals_correlation": 0.2077128780332186}, "CO": {"trend_correlation": -0.35596188647368615, "residuals_correlation": 0.046369368163413915}, "CV": {"trend_correlation": 0.7595484542169043, "residuals_correlation": 0.5169518127682304}, "CR": {"trend_correlation": -0.8895119428767813, "residuals_correlation": -0.0032525861424875127}, "CU": {"trend_correlation": 0.8667400488462813, "residuals_correlation": 0.032184344194180016}, "CY": {"trend_correlation": 0.4959976946228347, "residuals_correlation": 0.023332242497269694}, "CZ": {"trend_correlation": -0.2528515173733958, "residuals_correlation": 0.01799624719281208}, "DE": {"trend_correlation": -0.8698681973526858, "residuals_correlation": 0.04421842105846854}, "DJ": {"trend_correlation": 0.8777996021804398, "residuals_correlation": -0.43382098816034076}, "DM": {"trend_correlation": -0.014649472975103857, "residuals_correlation": -0.5577626914778417}, "DK": {"trend_correlation": -0.24267015024206015, "residuals_correlation": 0.04732178074833978}, "DO": {"trend_correlation": 0.6409335774108023, "residuals_correlation": -0.2909268524781997}, "DZ": {"trend_correlation": 0.06554503595668179, "residuals_correlation": -0.04474603693897668}, "EC": {"trend_correlation": 0.4068029973657805, "residuals_correlation": 0.0008769266201298533}, "EG": {"trend_correlation": -0.8560278343242886, "residuals_correlation": -0.1825796695884987}, "ER": {"trend_correlation": 0.7065329165070104, "residuals_correlation": 0.029650282823061834}, "EH": {"trend_correlation": 0.1329925945150253, "residuals_correlation": -0.4630740369830972}, "ES": {"trend_correlation": -0.795330067354126, "residuals_correlation": -0.036315269022308395}, "EE": {"trend_correlation": -0.5486556684770304, "residuals_correlation": 0.09248639646800774}, "ET": {"trend_correlation": 0.861570600756908, "residuals_correlation": 0.11948378228256672}, "FI": {"trend_correlation": -0.2081103489106745, "residuals_correlation": 0.19838240763407966}, "FJ": {"trend_correlation": 0.735309978912119, "residuals_correlation": 0.7096512230661015}, "FR": {"trend_correlation": -0.6614758188147634, "residuals_correlation": 0.21996992056263923}, "GA": {"trend_correlation": 0.7887185616914957, "residuals_correlation": 0.09925873652492184}, "GB": {"trend_correlation": 0.7966431169556526, "residuals_correlation": -0.048678587524435206}, "GE": {"trend_correlation": 0.6226015350863326, "residuals_correlation": -0.03709191223294781}, "GH": {"trend_correlation": 0.36268089307128604, "residuals_correlation": -0.11569645299639543}, "GN": {"trend_correlation": 0.7463520883562056, "residuals_correlation": -0.09728255804406241}, "GM": {"trend_correlation": 0.5563975341239249, "residuals_correlation": 0.33951027992358496}, "GQ": {"trend_correlation": 0.5543295586469889, "residuals_correlation": 0.0834905392579027}, "GR": {"trend_correlation": -0.5055045053935727, "residuals_correlation": 0.0009358393040229861}, "GD": {"trend_correlation": -0.1579152663379398, "residuals_correlation": 0.2470538132557277}, "GT": {"trend_correlation": 0.1239574471364167, "residuals_correlation": 0.3908800171664764}, "GY": {"trend_correlation": -0.5672473728639481, "residuals_correlation": 0.0182891509820615}, "HN": {"trend_correlation": -0.6565615231741302, "residuals_correlation": 0.17356741273250373}, "HR": {"trend_correlation": -0.530356546241488, "residuals_correlation": -0.393805373846632}, "HT": {"trend_correlation": 0.7835861490619376, "residuals_correlation": 0.2790102271424263}, "HU": {"trend_correlation": -0.4443964732792039, "residuals_correlation": -0.5588289187178543}, "ID": {"trend_correlation": -0.3277281933954178, "residuals_correlation": 0.029403990838507216}, "IN": {"trend_correlation": 0.6414755037187646, "residuals_correlation": -0.1553166691364059}, "IE": {"trend_correlation": -0.3964052357454991, "residuals_correlation": -0.055360316263081306}, "IR": {"trend_correlation": 0.2842062364650607, "residuals_correlation": 0.10579866500333991}, "IQ": {"trend_correlation": 0.7534905936777869, "residuals_correlation": 0.3580664420825796}, "IS": {"trend_correlation": -0.7612454845134967, "residuals_correlation": 0.02456084584120283}, "IL": {"trend_correlation": 0.6983765864137759, "residuals_correlation": 0.05881388354017073}, "IT": {"trend_correlation": -0.7600897253724219, "residuals_correlation": 0.05356154717592532}, "JM": {"trend_correlation": -0.26753118815188076, "residuals_correlation": -0.13776529125420903}, "JO": {"trend_correlation": 0.6122816400640927, "residuals_correlation": 0.055692989928944496}, "JP": {"trend_correlation": 0.8026711387502815, "residuals_correlation": 0.6089259156543533}, "KZ": {"trend_correlation": 0.7601136941297394,